<?xml version="1.0" encoding="ISO-8859-1"?>
<project name="Joda-Time">
  <publishDate position="bottom" format="yyyy-MM-dd"/>
  <version position="bottom"/>
  <googleAnalyticsAccountId>UA-1425975-4</googleAnalyticsAccountId>

  <skin>
    <groupId>lt.velykis.maven.skins</groupId>
    <artifactId>reflow-maven-skin</artifactId>
    <version>1.1.1</version>
  </skin>

  <custom>
    <reflowSkin>
      <smoothScroll>false</smoothScroll>
      <highlightJs>true</highlightJs>
      <highlightJsTheme>github</highlightJsTheme>
      <imgLightbox>false</imgLightbox>
      <theme>bootswatch-cosmo</theme>
      <brand>
        <name>Joda-Time</name>
        <href>index.html</href>
      </brand>
      <topNav>Documentation|Releases|Development|Related|Joda</topNav>
      <bottomNav>
        <column>Information</column>
        <column>Releases|Related</column>
        <column>Development</column>
        <column>Reports</column>
      </bottomNav>
      <bottomDescription><![CDATA[
        Basic date-time types for Java
      ]]></bottomDescription>
      <toc>false</toc>
      <breadcrumbs>false</breadcrumbs>
      <markPageHeader>false</markPageHeader>
      <highlightJs>false</highlightJs>
      <pages>
        <index>
          <sections>
            <columns>3</columns>
            <columns>2</columns>
            <body />
            <sidebar />
          </sections>
          <shortTitle>Home</shortTitle>
          <highlightJs>true</highlightJs>
        </index>
        <quickstart>
          <highlightJs>true</highlightJs>
        </quickstart>
        <userguide>
          <highlightJs>true</highlightJs>
        </userguide>
        <key_instant>
          <highlightJs>true</highlightJs>
        </key_instant>
        <key_partial>
          <highlightJs>true</highlightJs>
        </key_partial>
        <key_interval>
          <highlightJs>true</highlightJs>
        </key_interval>
        <key_duration>
          <highlightJs>true</highlightJs>
        </key_duration>
        <key_period>
          <highlightJs>true</highlightJs>
        </key_period>
        <key_chronology>
          <highlightJs>true</highlightJs>
        </key_chronology>
        <key_format>
          <highlightJs>true</highlightJs>
        </key_format>
      </pages>
    </reflowSkin>
  </custom>

  <body>
    <head>
      <link href="http://netdna.bootstrapcdn.com/font-awesome/4.2.0/css/font-awesome.css" rel="stylesheet"/>
      <link rel="author" href="https://plus.google.com/113137868744510231215"/>
    </head>

    <menu name="Documentation">
      <item name="Home" href="index.html"/>
      <item name="Quick start guide" href="quickstart.html"/>
      <item name="User guide" href="userguide.html"/>
      <item name="Key concepts" href="key.html">
        <item name="Instant" href="key_instant.html"/>
        <item name="Partial" href="key_partial.html"/>
        <item name="Interval" href="key_interval.html"/>
        <item name="Duration" href="key_duration.html"/>
        <item name="Period" href="key_period.html"/>
        <item name="Chronology" href="key_chronology.html"/>
        <item name="Formatting" href="key_format.html"/>
        <item name="Time zone update" href="tz_update.html"/>
      </item>
      <item name="Chronologies" href="cal.html">
        <item name="ISO8601" href="cal_iso.html"/>
        <item name="Buddhist" href="cal_buddhist.html"/>
        <item name="Coptic" href="cal_coptic.html"/>
        <item name="Ethiopic" href="cal_ethiopic.html"/>
        <item name="Gregorian" href="cal_gregorian.html"/>
        <item name="GregorianJulian" href="cal_gj.html"/>
       <item name="Islamic" href="cal_islamic.html"/>
        <item name="Julian" href="cal_julian.html"/>
      </item>
      <item name="FAQ" href="faq.html"/>
      <item name="Javadoc" href="apidocs/index.html"/>
      <item name="License" href="license.html"/>
    </menu>

    <menu name="Information">
      <item name="Home" href="index.html"/>
      <item name="Quick start guide" href="quickstart.html"/>
      <item name="User guide" href="userguide.html"/>
      <item name="FAQ" href="faq.html"/>
      <item name="Related projects" href="related.html"/>
      <item name="Javadoc" href="apidocs/index.html"/>
      <item name="License" href="license.html"/>
      <item name="Key concepts" href="key.html"/>
      <item name="Chronologies" href="cal.html"/>
    </menu>

    <menu name="Releases">
      <item name="Release notes" href="changes-report.html"/>
      <item name="Old release notes" href="installation.html"/>
      <item name="Dependency info" href="dependency-info.html"/>
      <item name="Download" href="download.html"/>
    </menu>

    <menu name="Development">
      <item name="GitHub" href="https://github.com/JodaOrg/joda-time"/>
      <item name="Bugs/Issues" href="https://github.com/JodaOrg/joda-time/issues"/>
      <item name="Test results" href="surefire-report.html"/>
    </menu>

    <menu name="Related">
      <item name="Related projects" href="related.html"/>
      <item name="JSP tags" href="http://www.joda.org/joda-time-jsptags/"/>
      <item name="Hibernate" href="http://www.joda.org/joda-time-hibernate/"/>
      <item name="I18N" href="http://www.joda.org/joda-time-i18n/"/>
    </menu>

    <menu name="Joda">
      <item name="Home" href="http://www.joda.org"/>
      <item name="Beans" href="http://www.joda.org/joda-beans/"/>
      <item name="Convert" href="http://www.joda.org/joda-convert/"/>
      <item name="Money" href="http://www.joda.org/joda-money/"/>
    </menu>

    <menu name="Reports" ref="reports"/>
  </body>
</project>
